{
  "project_info": {
    "project_number": "893838833789",
    "firebase_url": "https://missing-diary-e5f25.firebaseio.com",
    "project_id": "missing-diary-e5f25",
    "storage_bucket": "missing-diary-e5f25.appspot.com"
  },
  "client": [
    {
      "client_info": {
        "mobilesdk_app_id": "1:893838833789:android:90cbc17a2602684e",
        "android_client_info": {
          "package_name": "com.hackerearth.rajhrita.missingdiary"
        }
      },
      "oauth_client": [
        {
          "client_id": "893838833789-usrickq365su1fu3mo52ekndam3he4fi.apps.googleusercontent.com",
          "client_type": 1,
          "android_info": {
            "package_name": "com.hackerearth.rajhrita.missingdiary",
            "certificate_hash": "dd59abe7e9b65d12d2a7528628083adbe05f4f6d"
          }
        },
        {
          "client_id": "893838833789-04fs19iboikqtu52lrl9g61knvtrcjc5.apps.googleusercontent.com",
          "client_type": 3
        }
      ],
      "api_key": [
        {
          "current_key": "AIzaSyAxwCQusK11lOl_m8bIN0dkE-aI3EaPfts"
        }
      ],
      "services": {
        "appinvite_service": {
          "other_platform_oauth_client": [
            {
              "client_id": "893838833789-04fs19iboikqtu52lrl9g61knvtrcjc5.apps.googleusercontent.com",
              "client_type": 3
            }
          ]
        }
      }
    }
  ],
  "configuration_version": "1"
}